Date,Daily minimum temperatures in Melbourne
01-01-81,20.7
02-01-81,17.9
03-01-81,18.8
04-01-81,14.6
05-01-81,15.8
06-01-81,15.8
07-01-81,15.8
08-01-81,17.4
09-01-81,21.8
10-01-81,20
11-01-81,16.2
12-01-81,13.3
13-01-81,16.7
14-01-81,21.5
15-01-81,25
16-01-81,20.7
17-01-81,20.6
18-01-81,24.8
19-01-81,17.7
20-01-81,15.5
21-01-81,18.2
22-01-81,12.1
23-01-81,14.4
24-01-81,16
25-01-81,16.5
26-01-81,18.7
27-01-81,19.4
28-01-81,17.2
29-01-81,15.5
30-01-81,15.1
31-01-81,15.4
01-02-81,15.3
02-02-81,18.8
03-02-81,21.9
04-02-81,19.9
05-02-81,16.6
06-02-81,16.8
07-02-81,14.6
08-02-81,17.1
09-02-81,25
10-02-81,15
11-02-81,13.7
12-02-81,13.9
13-02-81,18.3
14-02-81,22
15-02-81,22.1
16-02-81,21.2
17-02-81,18.4
18-02-81,16.6
19-02-81,16.1
20-02-81,15.7
21-02-81,16.6
22-02-81,16.5
23-02-81,14.4
24-02-81,14.4
25-02-81,18.5
26-02-81,16.9
27-02-81,17.5
28-02-81,21.2
01-03-81,17.8
02-03-81,18.6
03-03-81,17
04-03-81,16
05-03-81,13.3
06-03-81,14.3
07-03-81,11.4
08-03-81,16.3
09-03-81,16.1
10-03-81,11.8
11-03-81,12.2
12-03-81,14.7
13-03-81,11.8
14-03-81,11.3
15-03-81,10.6
16-03-81,11.7
17-03-81,14.2
18-03-81,11.2
19-03-81,16.9
20-03-81,16.7
21-03-81,8.1
22-03-81,8
23-03-81,8.8
24-03-81,13.4
25-03-81,10.9
26-03-81,13.4
27-03-81,11
28-03-81,15
29-03-81,15.7
30-03-81,14.5
31-03-81,15.8
01-04-81,16.7
02-04-81,16.8
03-04-81,17.5
04-04-81,17.1
05-04-81,18.1
06-04-81,16.6
07-04-81,10
08-04-81,14.9
09-04-81,15.9
10-04-81,13
11-04-81,7.6
12-04-81,11.5
13-04-81,13.5
14-04-81,13
15-04-81,13.3
16-04-81,12.1
17-04-81,12.4
18-04-81,13.2
19-04-81,13.8
20-04-81,10.6
21-04-81,9
22-04-81,10
23-04-81,9.8
24-04-81,11.5
25-04-81,8.9
26-04-81,7.4
27-04-81,9.9
28-04-81,9.3
29-04-81,9.9
30-04-81,7.4
01-05-81,8.6
02-05-81,11.9
03-05-81,14
04-05-81,8.6
05-05-81,10
06-05-81,13.5
07-05-81,12
08-05-81,10.5
09-05-81,10.7
10-05-81,8.1
11-05-81,10.1
12-05-81,10.6
13-05-81,5.3
14-05-81,6.6
15-05-81,8.5
16-05-81,11.2
17-05-81,9.8
18-05-81,5.9
19-05-81,3.2
20-05-81,2.1
21-05-81,3.4
22-05-81,5.4
23-05-81,9.6
24-05-81,11.5
25-05-81,12.3
26-05-81,12.6
27-05-81,11
28-05-81,11.2
29-05-81,11.4
30-05-81,11.8
31-05-81,12.8
01-06-81,11.6
02-06-81,10.6
03-06-81,9.8
04-06-81,11.2
05-06-81,5.7
06-06-81,7.1
07-06-81,2.5
08-06-81,3.5
09-06-81,4.6
10-06-81,11
11-06-81,5.7
12-06-81,7.7
13-06-81,10.4
14-06-81,11.4
15-06-81,9.2
16-06-81,6.1
17-06-81,2.7
18-06-81,4.3
19-06-81,6.3
20-06-81,3.8
21-06-81,4.4
22-06-81,7.1
23-06-81,4.8
24-06-81,5.8
25-06-81,6.2
26-06-81,7.3
27-06-81,9.2
28-06-81,10.2
29-06-81,9.5
30-06-81,9.5
01-07-81,10.7
02-07-81,10
03-07-81,6.5
04-07-81,7
05-07-81,7.4
06-07-81,8.1
07-07-81,6.6
08-07-81,8.3
09-07-81,8.9
10-07-81,4.6
11-07-81,6.8
12-07-81,5.7
13-07-81,6.1
14-07-81,7
15-07-81,7.2
16-07-81,6.3
17-07-81,8.8
18-07-81,5
19-07-81,7.4
20-07-81,10.1
21-07-81,12
22-07-81,9
23-07-81,8.9
24-07-81,9.8
25-07-81,9
26-07-81,9.2
27-07-81,7.7
28-07-81,8
29-07-81,6.1
30-07-81,3.5
31-07-81,3.2
01-08-81,5.7
02-08-81,7.7
03-08-81,9
04-08-81,10
05-08-81,6.2
06-08-81,6.9
07-08-81,6.5
08-08-81,6.8
09-08-81,7
10-08-81,5.2
11-08-81,3
12-08-81,5.6
13-08-81,7.9
14-08-81,9
15-08-81,8.6
16-08-81,10.3
17-08-81,10.5
18-08-81,7.6
19-08-81,9.7
20-08-81,12.5
21-08-81,7.4
22-08-81,7.9
23-08-81,3.9
24-08-81,6.6
25-08-81,4.6
26-08-81,7
27-08-81,6
28-08-81,5.5
29-08-81,8.1
30-08-81,5.5
31-08-81,6.2
01-09-81,8
02-09-81,10.3
03-09-81,9.8
04-09-81,9.6
05-09-81,8.5
06-09-81,7.5
07-09-81,11.2
08-09-81,14.6
09-09-81,11.7
10-09-81,7.8
11-09-81,12.3
12-09-81,10.1
13-09-81,11.5
14-09-81,7.3
15-09-81,10.9
16-09-81,14.1
17-09-81,10.7
18-09-81,16.9
19-09-81,10.5
20-09-81,6.5
21-09-81,11
22-09-81,6.3
23-09-81,10.5
24-09-81,7.2
25-09-81,7.6
26-09-81,10.7
27-09-81,7.8
28-09-81,9.6
29-09-81,11.4
30-09-81,12.4
01-10-81,8.9
02-10-81,13.2
03-10-81,8.6
04-10-81,6.2
05-10-81,11.4
06-10-81,13.2
07-10-81,14.3
08-10-81,7.3
09-10-81,12.9
10-10-81,7.8
11-10-81,6.2
12-10-81,5.6
13-10-81,10
14-10-81,13.3
15-10-81,8.3
16-10-81,10.2
17-10-81,8.6
18-10-81,7.3
19-10-81,10.4
20-10-81,11.2
21-10-81,13.2
22-10-81,11.4
23-10-81,9.1
24-10-81,6.6
25-10-81,8.4
26-10-81,9.7
27-10-81,13.2
28-10-81,12.5
29-10-81,11
30-10-81,11
31-10-81,11.7
01-11-81,9.2
02-11-81,11.5
03-11-81,13.6
04-11-81,13.7
05-11-81,10.4
06-11-81,11.5
07-11-81,7.6
08-11-81,9.6
09-11-81,14.2
10-11-81,15.7
11-11-81,10.5
12-11-81,10.5
13-11-81,9.7
14-11-81,9.5
15-11-81,11.3
16-11-81,8.9
17-11-81,9.4
18-11-81,11.9
19-11-81,11.7
20-11-81,13.4
21-11-81,12.6
22-11-81,10.1
23-11-81,15.8
24-11-81,13.6
25-11-81,11.9
26-11-81,9.9
27-11-81,12.6
28-11-81,17.8
29-11-81,15
30-11-81,13.6
01-12-81,13.4
02-12-81,10.5
03-12-81,14.2
04-12-81,11.5
05-12-81,13
06-12-81,15
07-12-81,14.7
08-12-81,12.6
09-12-81,12.5
10-12-81,13.5
11-12-81,14.8
12-12-81,17.2
13-12-81,9.7
14-12-81,12.1
15-12-81,12.8
16-12-81,11.2
17-12-81,16.4
18-12-81,15.6
19-12-81,13.3
20-12-81,11
21-12-81,11.1
22-12-81,15
23-12-81,12.8
24-12-81,15
25-12-81,14.2
26-12-81,14
27-12-81,15.5
28-12-81,13.3
29-12-81,15.6
30-12-81,15.2
31-12-81,17.4
01-01-82,17
02-01-82,15
03-01-82,13.5
04-01-82,15.2
05-01-82,13
06-01-82,12.5
07-01-82,14.1
08-01-82,14.8
09-01-82,16.2
10-01-82,15.8
11-01-82,19.1
12-01-82,22.2
13-01-82,15.9
14-01-82,13
15-01-82,14.1
16-01-82,15.8
17-01-82,24
18-01-82,18
19-01-82,19.7
20-01-82,25.2
21-01-82,20.5
22-01-82,19.3
23-01-82,15.8
24-01-82,17
25-01-82,18.4
26-01-82,13.3
27-01-82,14.6
28-01-82,12.5
29-01-82,17
30-01-82,17.1
31-01-82,14
01-02-82,14.6
02-02-82,13.3
03-02-82,14.8
04-02-82,15.1
05-02-82,13.1
06-02-82,13.6
07-02-82,19.5
08-02-82,22.7
09-02-82,17.2
10-02-82,13.5
11-02-82,15.4
12-02-82,17
13-02-82,19.2
14-02-82,22.8
15-02-82,26.3
16-02-82,18.2
17-02-82,17
18-02-82,14.8
19-02-82,12.8
20-02-82,15.5
21-02-82,15.6
22-02-82,13.1
23-02-82,15.2
24-02-82,14.1
25-02-82,12.5
26-02-82,14.6
27-02-82,10.4
28-02-82,13.9
01-03-82,11.9
02-03-82,13.5
03-03-82,9.8
04-03-82,14
05-03-82,21.5
06-03-82,19.5
07-03-82,16.7
08-03-82,19.1
09-03-82,11
10-03-82,9
11-03-82,10
12-03-82,14.6
13-03-82,12.5
14-03-82,17.2
15-03-82,19.2
16-03-82,22.2
17-03-82,15.7
18-03-82,14.2
19-03-82,9.8
20-03-82,14
21-03-82,17.5
22-03-82,20.7
23-03-82,15.6
24-03-82,13.2
25-03-82,14.5
26-03-82,16.8
27-03-82,17.2
28-03-82,13.4
29-03-82,14.2
30-03-82,14.3
31-03-82,10.2
01-04-82,10.4
02-04-82,12.3
03-04-82,11.9
04-04-82,11.2
05-04-82,8.5
06-04-82,12
07-04-82,12.4
08-04-82,12.9
09-04-82,10.1
10-04-82,15
11-04-82,13.6
12-04-82,12.4
13-04-82,13.6
14-04-82,16.1
15-04-82,19.5
16-04-82,14.2
17-04-82,9.3
18-04-82,10.1
19-04-82,7.4
20-04-82,8.6
21-04-82,7.8
22-04-82,9.1
23-04-82,13
24-04-82,16.5
25-04-82,12.9
26-04-82,6.9
27-04-82,6.9
28-04-82,8.7
29-04-82,10
30-04-82,10.8
01-05-82,7.5
02-05-82,6.3
03-05-82,11.9
04-05-82,13.8
05-05-82,11.8
06-05-82,11
07-05-82,10.1
08-05-82,8.5
09-05-82,5.5
10-05-82,7.6
11-05-82,8.7
12-05-82,10.8
13-05-82,11.2
14-05-82,9.1
15-05-82,3.7
16-05-82,4.6
17-05-82,6.6
18-05-82,13.2
19-05-82,15.2
20-05-82,7.6
21-05-82,8.4
22-05-82,6
23-05-82,8.3
24-05-82,8.6
25-05-82,11.1
26-05-82,12.1
27-05-82,12.9
28-05-82,14
29-05-82,12.5
30-05-82,11.5
31-05-82,7
01-06-82,7.1
02-06-82,9
03-06-82,3.1
04-06-82,2.5
05-06-82,0
06-06-82,1.6
07-06-82,2.6
08-06-82,5.7
09-06-82,2.3
10-06-82,4.5
11-06-82,8.2
12-06-82,6.9
13-06-82,7.3
14-06-82,6
15-06-82,7.3
16-06-82,7.6
17-06-82,8
18-06-82,8
19-06-82,6.8
20-06-82,7.3
21-06-82,6.2
22-06-82,6.9
23-06-82,8.9
24-06-82,4
25-06-82,1.3
26-06-82,0.8
27-06-82,4.3
28-06-82,7.3
29-06-82,7.7
30-06-82,9
01-07-82,4.2
02-07-82,1.6
03-07-82,2.6
04-07-82,3.4
05-07-82,3.9
06-07-82,7
07-07-82,7.8
08-07-82,5.3
09-07-82,2.4
10-07-82,2.8
11-07-82,4
12-07-82,7.5
13-07-82,7.8
14-07-82,5.6
15-07-82,3.3
16-07-82,5
17-07-82,3.7
18-07-82,3.9
19-07-82,5.2
20-07-82,0.2
21-07-82,0.8
22-07-82,0.9
23-07-82,3.5
24-07-82,6.6
25-07-82,9.5
26-07-82,9
27-07-82,3.5
28-07-82,4.5
29-07-82,5.7
30-07-82,5.6
31-07-82,7.1
01-08-82,9.7
02-08-82,8.3
03-08-82,9.1
04-08-82,2.8
05-08-82,2.2
06-08-82,4.5
07-08-82,3.8
08-08-82,3.8
09-08-82,6.2
10-08-82,11.5
11-08-82,10.2
12-08-82,7.9
13-08-82,9
14-08-82,9.5
15-08-82,6
16-08-82,8.2
17-08-82,9.2
18-08-82,4.3
19-08-82,6.6
20-08-82,9.4
21-08-82,13.2
22-08-82,6.6
23-08-82,5.1
24-08-82,12.1
25-08-82,11.2
26-08-82,8.5
27-08-82,4.6
28-08-82,7
29-08-82,14.2
30-08-82,12.7
31-08-82,7.6
01-09-82,4
02-09-82,10
03-09-82,10.5
04-09-82,5
05-09-82,4.5
06-09-82,8.2
07-09-82,4.3
08-09-82,9.8
09-09-82,5.8
10-09-82,5
11-09-82,8.5
12-09-82,9
13-09-82,3.6
14-09-82,6.7
15-09-82,6.7
16-09-82,10.1
17-09-82,15
18-09-82,8.9
19-09-82,5.7
20-09-82,4.2
21-09-82,4
22-09-82,5.3
23-09-82,6.3
24-09-82,8.5
25-09-82,11.5
26-09-82,7.7
27-09-82,9.2
28-09-82,7.8
29-09-82,6.3
30-09-82,6.3
01-10-82,8.6
02-10-82,6.1
03-10-82,13.2
04-10-82,9.9
05-10-82,4.7
06-10-82,5.8
07-10-82,14.9
08-10-82,10.7
09-10-82,8.6
10-10-82,9.4
11-10-82,5.7
12-10-82,10.9
13-10-82,13.1
14-10-82,10.4
15-10-82,8.2
16-10-82,9.8
17-10-82,7.5
18-10-82,5.8
19-10-82,9.8
20-10-82,7.9
21-10-82,8.7
22-10-82,10
23-10-82,10.6
24-10-82,8
25-10-82,10.2
26-10-82,15.1
27-10-82,13.9
28-10-82,9.2
29-10-82,9
30-10-82,13.2
31-10-82,7
01-11-82,10.6
02-11-82,6.9
03-11-82,9.5
04-11-82,12.5
05-11-82,13.6
06-11-82,17.7
07-11-82,16
08-11-82,11.3
09-11-82,10.5
10-11-82,14.4
11-11-82,10.3
12-11-82,9
13-11-82,11.1
14-11-82,14.5
15-11-82,18
16-11-82,12.8
17-11-82,10.7
18-11-82,9.1
19-11-82,8.7
20-11-82,12.4
21-11-82,12.6
22-11-82,10.3
23-11-82,13.7
24-11-82,16
25-11-82,15.8
26-11-82,12.1
27-11-82,12.5
28-11-82,12.2
29-11-82,13.7
30-11-82,16.1
01-12-82,15.5
02-12-82,10.3
03-12-82,10.5
04-12-82,11
05-12-82,11.9
06-12-82,13
07-12-82,12.2
08-12-82,10.6
09-12-82,13
10-12-82,13
11-12-82,12.2
12-12-82,12.6
13-12-82,18.7
14-12-82,15.2
15-12-82,15.3
16-12-82,13.9
17-12-82,15.8
18-12-82,13
19-12-82,13
20-12-82,13.7
21-12-82,12
22-12-82,10.8
23-12-82,15.6
24-12-82,15.3
25-12-82,13.9
26-12-82,13
27-12-82,15.3
28-12-82,16.3
29-12-82,15.8
30-12-82,17.7
31-12-82,16.3
01-01-83,18.4
02-01-83,15
03-01-83,10.9
04-01-83,11.4
05-01-83,14.8
06-01-83,12.1
07-01-83,12.8
08-01-83,16.2
09-01-83,15.5
10-01-83,13
11-01-83,10.5
12-01-83,9.1
13-01-83,10.5
14-01-83,11.8
15-01-83,12.7
16-01-83,12.7
17-01-83,11.5
18-01-83,13.8
19-01-83,13.3
20-01-83,11.6
21-01-83,15.4
22-01-83,12.4
23-01-83,16.9
24-01-83,14.7
25-01-83,10.6
26-01-83,15.6
27-01-83,10.7
28-01-83,12.6
29-01-83,13.8
30-01-83,14.3
31-01-83,14
01-02-83,18.1
02-02-83,17.3
03-02-83,13
04-02-83,16
05-02-83,14.9
06-02-83,16.2
07-02-83,20.3
08-02-83,22.5
09-02-83,17.2
10-02-83,15.9
11-02-83,16.8
12-02-83,13.8
13-02-83,12.8
14-02-83,14
15-02-83,17.5
16-02-83,21.5
17-02-83,16.8
18-02-83,13.6
19-02-83,14.5
20-02-83,14.2
21-02-83,15.7
22-02-83,19.7
23-02-83,17.4
24-02-83,14.4
25-02-83,16.9
26-02-83,19.1
27-02-83,20.4
28-02-83,20.1
01-03-83,19.9
02-03-83,22
03-03-83,20.5
04-03-83,22.1
05-03-83,20.6
06-03-83,15
07-03-83,20.6
08-03-83,21.5
09-03-83,16.2
10-03-83,14.1
11-03-83,14.5
12-03-83,21.1
13-03-83,15.9
14-03-83,15.2
15-03-83,13.1
16-03-83,13.2
17-03-83,12.5
18-03-83,15.2
19-03-83,17.6
20-03-83,15.5
21-03-83,16.7
22-03-83,16.3
23-03-83,15.1
24-03-83,12.7
25-03-83,10
26-03-83,11.4
27-03-83,12.6
28-03-83,10.7
29-03-83,10
30-03-83,13.9
31-03-83,13.4
01-04-83,12.5
02-04-83,12.8
03-04-83,7.8
04-04-83,11.1
05-04-83,10.7
06-04-83,7.1
07-04-83,6.7
08-04-83,5.7
09-04-83,9.1
10-04-83,15.2
11-04-83,15.5
12-04-83,11.1
13-04-83,11.7
14-04-83,11.5
15-04-83,9.8
16-04-83,6.2
17-04-83,6.7
18-04-83,7.5
19-04-83,8.8
20-04-83,8
21-04-83,10.4
22-04-83,14.5
23-04-83,16.5
24-04-83,14.1
25-04-83,10.5
26-04-83,12.6
27-04-83,13
28-04-83,8.7
29-04-83,10.1
30-04-83,12
01-05-83,12.5
02-05-83,13.5
03-05-83,13.7
04-05-83,13.5
05-05-83,10.7
06-05-83,13
07-05-83,11.6
08-05-83,13
09-05-83,11.2
10-05-83,13.5
11-05-83,12.9
12-05-83,6.8
13-05-83,10
14-05-83,14.5
15-05-83,11.7
16-05-83,6.7
17-05-83,4.6
18-05-83,4.9
19-05-83,7.4
20-05-83,8.3
21-05-83,7.5
22-05-83,6.2
23-05-83,7.8
24-05-83,13.2
25-05-83,11.9
26-05-83,6.5
27-05-83,8.3
28-05-83,12.1
29-05-83,9.3
30-05-83,7.5
31-05-83,9.3
01-06-83,11
02-06-83,10.8
03-06-83,5.3
04-06-83,7.6
05-06-83,5.6
06-06-83,7.2
07-06-83,9.6
08-06-83,7
09-06-83,8.3
10-06-83,7.8
11-06-83,4.7
12-06-83,6.8
13-06-83,7.2
14-06-83,8.3
15-06-83,9.5
16-06-83,4.7
17-06-83,3
18-06-83,1.5
19-06-83,2.5
20-06-83,6.2
21-06-83,11.6
22-06-83,6.6
23-06-83,6.6
24-06-83,8
25-06-83,7.9
26-06-83,3.3
27-06-83,3.9
28-06-83,6
29-06-83,4
30-06-83,5.5
01-07-83,8.5
02-07-83,9.8
03-07-83,9.5
04-07-83,7.2
05-07-83,8.1
06-07-83,8
07-07-83,8.5
08-07-83,8.8
09-07-83,8.3
10-07-83,2.4
11-07-83,4.9
12-07-83,5.9
13-07-83,6.7
14-07-83,8.4
15-07-83,6.5
16-07-83,7.9
17-07-83,4.1
18-07-83,5.4
19-07-83,7.5
20-07-83,3.9
21-07-83,2.5
22-07-83,5.3
23-07-83,6.6
24-07-83,0
25-07-83,0.7
26-07-83,7.6
27-07-83,12.3
28-07-83,9.2
29-07-83,9.6
30-07-83,9.5
31-07-83,10
01-08-83,7.7
02-08-83,8
03-08-83,8.3
04-08-83,8.3
05-08-83,4.5
06-08-83,6.5
07-08-83,9.4
08-08-83,9.4
09-08-83,10.5
10-08-83,10.7
11-08-83,9.9
12-08-83,7.6
13-08-83,5.8
14-08-83,8.5
15-08-83,13.8
16-08-83,14.3
17-08-83,8.3
18-08-83,5.3
19-08-83,3
20-08-83,5.2
21-08-83,10.3
22-08-83,11.1
23-08-83,10.5
24-08-83,9
25-08-83,13
26-08-83,6.4
27-08-83,8.4
28-08-83,6.7
29-08-83,8.3
30-08-83,11.2
31-08-83,10
01-09-83,10.1
02-09-83,10.6
03-09-83,10.9
04-09-83,5.7
05-09-83,9.5
06-09-83,10.4
07-09-83,11.1
08-09-83,12.2
09-09-83,10.6
10-09-83,8.8
11-09-83,9.2
12-09-83,5.5
13-09-83,7.1
14-09-83,6.5
15-09-83,4.3
16-09-83,5
17-09-83,11.2
18-09-83,7.5
19-09-83,12
20-09-83,13.6
21-09-83,8.3
22-09-83,8.5
23-09-83,12.9
24-09-83,7.7
25-09-83,7.6
26-09-83,3.5
27-09-83,10.4
28-09-83,15.4
29-09-83,10.6
30-09-83,9.6
01-10-83,9.3
02-10-83,13.9
03-10-83,7.7
04-10-83,9.5
05-10-83,7.6
06-10-83,6.9
07-10-83,6.8
08-10-83,5.8
09-10-83,6
10-10-83,8.3
11-10-83,9.1
12-10-83,12.5
13-10-83,13.2
14-10-83,16.2
15-10-83,12.5
16-10-83,11.8
17-10-83,10.6
18-10-83,10
19-10-83,12.2
20-10-83,8.9
21-10-83,10.3
22-10-83,7.5
23-10-83,11.6
24-10-83,12.6
25-10-83,12.9
26-10-83,11.7
27-10-83,14
28-10-83,12.3
29-10-83,9
30-10-83,9.2
31-10-83,9.8
01-11-83,11.8
02-11-83,10.6
03-11-83,12.6
04-11-83,11
05-11-83,8.2
06-11-83,7.5
07-11-83,13.6
08-11-83,14.8
09-11-83,10.9
10-11-83,7.7
11-11-83,10.2
12-11-83,10.8
13-11-83,10.8
14-11-83,12.5
15-11-83,13.2
16-11-83,8.7
17-11-83,5.7
18-11-83,9.8
19-11-83,7.3
20-11-83,10.8
21-11-83,10
22-11-83,16.2
23-11-83,15
24-11-83,14.5
25-11-83,15.9
26-11-83,14.9
27-11-83,14.2
28-11-83,15.8
29-11-83,17.2
30-11-83,17.6
01-12-83,12.1
02-12-83,11.4
03-12-83,13
04-12-83,13.2
05-12-83,12
06-12-83,15.3
07-12-83,12.7
08-12-83,12.1
09-12-83,13.8
10-12-83,10.9
11-12-83,12
12-12-83,16.5
13-12-83,15
14-12-83,11.2
15-12-83,13.9
16-12-83,15
17-12-83,14.8
18-12-83,15
19-12-83,13.3
20-12-83,20.4
21-12-83,18
22-12-83,12.2
23-12-83,16.7
24-12-83,13.8
25-12-83,17.5
26-12-83,15
27-12-83,13.9
28-12-83,11.1
29-12-83,16.1
30-12-83,20.4
31-12-83,18
01-01-84,19.5
02-01-84,17.1
03-01-84,17.1
04-01-84,12
05-01-84,11
06-01-84,16.3
07-01-84,16.1
08-01-84,13
09-01-84,13.4
10-01-84,15.2
11-01-84,12.5
12-01-84,14.3
13-01-84,16.5
14-01-84,18.6
15-01-84,18
16-01-84,18.2
17-01-84,11.4
18-01-84,11.9
19-01-84,12.2
20-01-84,14.8
21-01-84,13.1
22-01-84,12.7
23-01-84,10.5
24-01-84,13.8
25-01-84,18.8
26-01-84,13.9
27-01-84,11.2
28-01-84,10.6
29-01-84,14.7
30-01-84,13.1
31-01-84,12.1
01-02-84,14.7
02-02-84,11.1
03-02-84,13
04-02-84,15.6
05-02-84,14.2
06-02-84,15.5
07-02-84,18
08-02-84,15
09-02-84,15.9
10-02-84,15.5
11-02-84,15.8
12-02-84,16.6
13-02-84,13.6
14-02-84,13.8
15-02-84,14.6
16-02-84,15.6
17-02-84,16.6
18-02-84,14.3
19-02-84,16.3
20-02-84,18.9
21-02-84,18.7
22-02-84,14.5
23-02-84,16.5
24-02-84,14.1
25-02-84,13.5
26-02-84,11.7
27-02-84,15.1
28-02-84,11.2
29-02-84,13.5
01-03-84,12.6
02-03-84,8.8
03-03-84,10.5
04-03-84,12.1
05-03-84,14.5
06-03-84,19.5
07-03-84,14
08-03-84,13.8
09-03-84,10.5
10-03-84,13.8
11-03-84,11.4
12-03-84,15.6
13-03-84,11.1
14-03-84,12.1
15-03-84,14.2
16-03-84,10.9
17-03-84,14.2
18-03-84,13.8
19-03-84,15.1
20-03-84,14
21-03-84,12.1
22-03-84,13.8
23-03-84,16.6
24-03-84,17.8
25-03-84,9.4
26-03-84,10.2
27-03-84,7.4
28-03-84,8.7
29-03-84,14
30-03-84,15.3
31-03-84,11.1
01-04-84,9.7
02-04-84,10.3
03-04-84,9.2
04-04-84,8.2
05-04-84,9.7
06-04-84,12.4
07-04-84,12.5
08-04-84,9
09-04-84,9.7
10-04-84,10.1
11-04-84,11.2
12-04-84,12
13-04-84,11.1
14-04-84,10.8
15-04-84,12.8
16-04-84,9.8
17-04-84,13.7
18-04-84,11
19-04-84,13.2
20-04-84,13
21-04-84,10.2
22-04-84,13.2
23-04-84,9.3
24-04-84,11.1
25-04-84,10.3
26-04-84,8.7
27-04-84,11.7
28-04-84,12.5
29-04-84,6.5
30-04-84,9.6
01-05-84,13.8
02-05-84,14.7
03-05-84,9.1
04-05-84,4.8
05-05-84,3.3
06-05-84,3.5
07-05-84,5.7
08-05-84,5.5
09-05-84,7
10-05-84,9.5
11-05-84,9.9
12-05-84,4.9
13-05-84,6.3
14-05-84,4.8
15-05-84,6.2
16-05-84,7.1
17-05-84,7.5
18-05-84,9.4
19-05-84,8.7
20-05-84,9.5
21-05-84,12.1
22-05-84,9.5
23-05-84,9.3
24-05-84,8.5
25-05-84,8
26-05-84,9.8
27-05-84,6.2
28-05-84,7.3
29-05-84,10.9
30-05-84,10
31-05-84,8.7
01-06-84,9
02-06-84,10.8
03-06-84,12.4
04-06-84,7.2
05-06-84,7.2
06-06-84,11.1
07-06-84,9.3
08-06-84,10.1
09-06-84,3.9
10-06-84,5
11-06-84,8.2
12-06-84,2.8
13-06-84,4.3
14-06-84,8.1
15-06-84,11.1
16-06-84,4.7
17-06-84,5.3
18-06-84,10
19-06-84,5.6
20-06-84,2.2
21-06-84,7.1
22-06-84,8.3
23-06-84,8.6
24-06-84,10.1
25-06-84,8.3
26-06-84,7.2
27-06-84,7.7
28-06-84,7.8
29-06-84,9.1
30-06-84,9.4
01-07-84,7.8
02-07-84,2.6
03-07-84,2.4
04-07-84,3.9
05-07-84,1.3
06-07-84,2.1
07-07-84,7.4
08-07-84,7.2
09-07-84,8.8
10-07-84,8.9
11-07-84,8.8
12-07-84,8
13-07-84,0.7
14-07-84,0.1
15-07-84,0.9
16-07-84,7.8
17-07-84,7.2
18-07-84,8
19-07-84,4.6
20-07-84,5.2
21-07-84,5.8
22-07-84,6.8
23-07-84,8.1
24-07-84,7.5
25-07-84,5.4
26-07-84,4.6
27-07-84,6.4
28-07-84,9.7
29-07-84,7
30-07-84,10
31-07-84,10.6
01-08-84,11.5
02-08-84,10.2
03-08-84,11.1
04-08-84,11
05-08-84,8.9
06-08-84,9.9
07-08-84,11.7
08-08-84,11.6
09-08-84,9
10-08-84,6.3
11-08-84,8.7
12-08-84,8.5
13-08-84,8.5
14-08-84,8
15-08-84,6
16-08-84,8
17-08-84,8.5
18-08-84,7.7
19-08-84,8.4
20-08-84,9
21-08-84,8.3
22-08-84,6.8
23-08-84,9.3
24-08-84,6.7
25-08-84,9
26-08-84,7.3
27-08-84,6.3
28-08-84,7.9
29-08-84,5.2
30-08-84,9
31-08-84,11.3
01-09-84,9.2
02-09-84,11.3
03-09-84,7
04-09-84,8
05-09-84,4.6
06-09-84,8.5
07-09-84,9.5
08-09-84,9.4
09-09-84,10.5
10-09-84,9.7
11-09-84,4.9
12-09-84,8
13-09-84,5.8
14-09-84,5.5
15-09-84,10.9
16-09-84,11.7
17-09-84,9.2
18-09-84,8.9
19-09-84,11.3
20-09-84,8.6
21-09-84,6.2
22-09-84,6.6
23-09-84,9.1
24-09-84,6.1
25-09-84,7.5
26-09-84,10.7
27-09-84,6.3
28-09-84,5.5
29-09-84,6.7
30-09-84,4.2
01-10-84,11.3
02-10-84,16.3
03-10-84,10.5
04-10-84,10.3
05-10-84,7.9
06-10-84,7.7
07-10-84,16
08-10-84,14.6
09-10-84,12.5
10-10-84,8.1
11-10-84,12.2
12-10-84,17.2
13-10-84,9.4
14-10-84,8.7
15-10-84,5.9
16-10-84,4.8
17-10-84,7.4
18-10-84,9.4
19-10-84,9.7
20-10-84,9.9
21-10-84,6.5
22-10-84,9.8
23-10-84,18.2
24-10-84,11.3
25-10-84,9.1
26-10-84,9.6
27-10-84,13.5
28-10-84,10.7
29-10-84,10
30-10-84,8.5
31-10-84,12.6
01-11-84,16.6
02-11-84,11.6
03-11-84,12.2
04-11-84,11.2
05-11-84,9.2
06-11-84,9.9
07-11-84,11.9
08-11-84,15.6
09-11-84,19
10-11-84,12.8
11-11-84,12.2
12-11-84,12
13-11-84,11.1
14-11-84,11.8
15-11-84,7.6
16-11-84,13
17-11-84,12.7
18-11-84,16
19-11-84,14.8
20-11-84,14.2
21-11-84,10
22-11-84,8.8
23-11-84,11.6
24-11-84,8.6
25-11-84,14.6
26-11-84,24.3
27-11-84,11.6
28-11-84,10.8
29-11-84,12
30-11-84,11
01-12-84,12.6
02-12-84,10.8
03-12-84,9.1
04-12-84,11
05-12-84,13
06-12-84,12.8
07-12-84,9.9
08-12-84,11.6
09-12-84,10.5
10-12-84,15.9
11-12-84,12.2
12-12-84,13
13-12-84,12.5
14-12-84,12.5
15-12-84,11.4
16-12-84,12.1
17-12-84,16.8
18-12-84,12.1
19-12-84,11.3
20-12-84,10.4
21-12-84,14.2
22-12-84,11.4
23-12-84,13.7
24-12-84,16.5
25-12-84,12.8
26-12-84,12.2
27-12-84,12
28-12-84,12.6
29-12-84,16
30-12-84,16.4
01-01-85,13.3
02-01-85,15.2
03-01-85,13.1
04-01-85,12.7
05-01-85,14.6
06-01-85,11
07-01-85,13.2
08-01-85,12.2
09-01-85,14.4
10-01-85,13.7
11-01-85,14.5
12-01-85,14.1
13-01-85,14.4
14-01-85,19.7
15-01-85,16.5
16-01-85,15.9
17-01-85,11.8
18-01-85,12
19-01-85,11.4
20-01-85,14.4
21-01-85,12.4
22-01-85,15.1
23-01-85,15.6
24-01-85,15.2
25-01-85,12.8
26-01-85,13.3
27-01-85,17.5
28-01-85,15.4
29-01-85,13.5
30-01-85,16.7
31-01-85,15.2
01-02-85,14.9
02-02-85,10.2
03-02-85,13.6
04-02-85,19
05-02-85,15.7
06-02-85,18
07-02-85,14.8
08-02-85,13.9
09-02-85,13
10-02-85,15.3
11-02-85,14.3
12-02-85,15.6
13-02-85,16
14-02-85,14.9
15-02-85,11.1
16-02-85,14.8
17-02-85,13
18-02-85,12.2
19-02-85,10.9
20-02-85,14.6
21-02-85,16.6
22-02-85,18.1
23-02-85,13.4
24-02-85,10.3
25-02-85,13.6
26-02-85,13.8
27-02-85,10.3
28-02-85,11
01-03-85,14.3
02-03-85,15.5
03-03-85,14.7
04-03-85,12.7
05-03-85,10.7
06-03-85,12.6
07-03-85,9.8
08-03-85,13.2
09-03-85,15.2
10-03-85,16.6
11-03-85,21
12-03-85,22.4
13-03-85,17
14-03-85,21.7
15-03-85,21.4
16-03-85,18.6
17-03-85,16.2
18-03-85,16.8
19-03-85,17
20-03-85,18.4
21-03-85,17.2
22-03-85,18.4
23-03-85,18.8
24-03-85,16.5
25-03-85,13.3
26-03-85,12.2
27-03-85,11.3
28-03-85,13.8
29-03-85,16.6
30-03-85,14
31-03-85,14.3
01-04-85,16.4
02-04-85,11.9
03-04-85,15.7
04-04-85,17.6
05-04-85,17.5
06-04-85,15.9
07-04-85,16.2
08-04-85,16
09-04-85,15.9
10-04-85,16.2
11-04-85,16.2
12-04-85,19.5
13-04-85,18.2
14-04-85,21.8
15-04-85,15.1
16-04-85,11
17-04-85,8.1
18-04-85,9.5
19-04-85,9.3
20-04-85,10.6
21-04-85,6.3
22-04-85,8.6
23-04-85,6.8
24-04-85,8.7
25-04-85,8.4
26-04-85,9.3
27-04-85,10
28-04-85,10.5
29-04-85,12
30-04-85,10.1
01-05-85,9.4
02-05-85,10.1
03-05-85,8
04-05-85,10.6
05-05-85,13.6
06-05-85,15.4
07-05-85,9
08-05-85,10.4
09-05-85,11
10-05-85,12.1
11-05-85,13.4
12-05-85,11.3
13-05-85,6.7
14-05-85,9.8
15-05-85,10.8
16-05-85,7.8
17-05-85,4.5
18-05-85,7.6
19-05-85,6.9
20-05-85,7.5
21-05-85,8.5
22-05-85,5.5
23-05-85,9.5
24-05-85,7.3
25-05-85,5.4
26-05-85,5.5
27-05-85,8.1
28-05-85,11.2
29-05-85,13.4
30-05-85,11.6
31-05-85,10.1
01-06-85,4.3
02-06-85,5.5
03-06-85,4.4
04-06-85,5.9
05-06-85,5.7
06-06-85,8.2
07-06-85,8.2
08-06-85,4.2
09-06-85,6.5
10-06-85,10
11-06-85,8.8
12-06-85,6.6
13-06-85,7.8
14-06-85,10.1
15-06-85,7.1
16-06-85,7.7
17-06-85,8.5
18-06-85,7.3
19-06-85,6.9
20-06-85,8.4
21-06-85,7.1
22-06-85,6.3
23-06-85,0.6
24-06-85,1.6
25-06-85,7
26-06-85,8.3
27-06-85,8
28-06-85,10.2
29-06-85,10.6
30-06-85,10.4
01-07-85,11.6
02-07-85,11
03-07-85,10.7
04-07-85,7.3
05-07-85,4.2
06-07-85,4.7
07-07-85,5.6
08-07-85,7.7
09-07-85,7.5
10-07-85,4.9
11-07-85,5.9
12-07-85,7.8
13-07-85,5.8
14-07-85,7
15-07-85,8.4
16-07-85,6.2
17-07-85,7.5
18-07-85,4.8
19-07-85,3.3
20-07-85,3.2
21-07-85,7
22-07-85,8.4
23-07-85,0.3
24-07-85,0.3
25-07-85,2.1
26-07-85,8.5
27-07-85,1.4
28-07-85,4.1
29-07-85,10.3
30-07-85,6.6
31-07-85,6.1
01-08-85,7
02-08-85,5.1
03-08-85,6.3
04-08-85,6.9
05-08-85,11.4
06-08-85,10.4
07-08-85,10.3
08-08-85,9.2
09-08-85,7.2
10-08-85,7.5
11-08-85,4
12-08-85,5.6
13-08-85,6.7
14-08-85,8.4
15-08-85,11
16-08-85,8.4
17-08-85,8.8
18-08-85,8.6
19-08-85,8.3
20-08-85,4
21-08-85,3.6
22-08-85,5.7
23-08-85,10.6
24-08-85,6.9
25-08-85,10
26-08-85,9.8
27-08-85,7.2
28-08-85,10.5
29-08-85,3.6
30-08-85,5.3
31-08-85,8.4
01-09-85,10.3
02-09-85,7.9
03-09-85,8.5
04-09-85,7.9
05-09-85,8
06-09-85,9.8
07-09-85,6.7
08-09-85,4.8
09-09-85,9.9
10-09-85,12.8
11-09-85,10.9
12-09-85,11.7
13-09-85,11.7
14-09-85,11
15-09-85,8.2
16-09-85,7.5
17-09-85,5.4
18-09-85,7.2
19-09-85,9.7
20-09-85,8.4
21-09-85,9
22-09-85,8.7
23-09-85,6.6
24-09-85,11.6
25-09-85,13.1
26-09-85,6.7
27-09-85,6.5
28-09-85,7.7
29-09-85,8.7
30-09-85,7.2
01-10-85,10.5
02-10-85,8.6
03-10-85,7.2
04-10-85,11.4
05-10-85,16.2
06-10-85,6.1
07-10-85,9.6
08-10-85,11.1
09-10-85,13.6
10-10-85,10.7
11-10-85,14.7
12-10-85,11.6
13-10-85,7.3
14-10-85,8
15-10-85,9.6
16-10-85,16
17-10-85,15.1
18-10-85,12.8
19-10-85,6.2
20-10-85,7.1
21-10-85,8.4
22-10-85,10
23-10-85,12.7
24-10-85,10
25-10-85,10.2
26-10-85,6.5
27-10-85,9.2
28-10-85,11.9
29-10-85,14.7
30-10-85,11.4
31-10-85,6.8
01-11-85,7.4
02-11-85,11.2
03-11-85,9.2
04-11-85,12.6
05-11-85,16
06-11-85,17.1
07-11-85,15.3
08-11-85,13.3
09-11-85,15.4
10-11-85,13.2
11-11-85,14.4
12-11-85,14
13-11-85,15.5
14-11-85,21
15-11-85,10
16-11-85,9.6
17-11-85,12
18-11-85,12.2
19-11-85,11.3
20-11-85,13.2
21-11-85,10.5
22-11-85,10.1
23-11-85,8.8
24-11-85,13.7
25-11-85,16.2
26-11-85,16
27-11-85,14
28-11-85,13.7
29-11-85,12.5
30-11-85,12.8
01-12-85,12.3
02-12-85,15.2
03-12-85,15
04-12-85,16.4
05-12-85,16.1
06-12-85,14.6
07-12-85,18.2
08-12-85,16.4
09-12-85,16.6
10-12-85,14.7
11-12-85,15.8
12-12-85,14.1
13-12-85,13.5
14-12-85,13.6
15-12-85,13.7
16-12-85,13.6
17-12-85,12.1
18-12-85,12.7
19-12-85,13.3
20-12-85,14.2
21-12-85,15
22-12-85,13.7
23-12-85,12
24-12-85,13.1
25-12-85,13.2
26-12-85,13.3
27-12-85,11.5
28-12-85,10.8
29-12-85,12
30-12-85,16.3
31-12-85,14.4
01-01-86,12.9
02-01-86,13.8
03-01-86,10.6
04-01-86,12.6
05-01-86,13.7
06-01-86,12.6
07-01-86,13.1
08-01-86,15.4
09-01-86,11.9
10-01-86,13.8
11-01-86,14.4
12-01-86,15.2
13-01-86,12.5
14-01-86,12.2
15-01-86,16.1
16-01-86,14.6
17-01-86,11.6
18-01-86,13.1
19-01-86,12.8
20-01-86,15.2
21-01-86,13.8
22-01-86,15
23-01-86,13.5
24-01-86,11.8
25-01-86,15.3
26-01-86,13.5
27-01-86,15.3
28-01-86,13.8
29-01-86,15.8
30-01-86,17.4
31-01-86,15.3
01-02-86,14.6
02-02-86,14.8
03-02-86,10.7
04-02-86,11.6
05-02-86,13.6
06-02-86,14.4
07-02-86,11.8
08-02-86,15.8
09-02-86,16
10-02-86,11.8
11-02-86,14.5
12-02-86,10.7
13-02-86,14.2
14-02-86,19.5
15-02-86,21.4
16-02-86,17.9
17-02-86,17.4
18-02-86,12.7
19-02-86,13.8
20-02-86,14
21-02-86,15
22-02-86,14.5
23-02-86,13.1
24-02-86,11.4
25-02-86,12.5
26-02-86,12
27-02-86,13.4
28-02-86,14.4
01-03-86,17.7
02-03-86,13.9
03-03-86,13.3
04-03-86,14.6
05-03-86,16.4
06-03-86,16.8
07-03-86,20
08-03-86,12.5
09-03-86,12.7
10-03-86,11.7
11-03-86,12.7
12-03-86,8.6
13-03-86,11.9
14-03-86,16
15-03-86,15.2
16-03-86,13.4
17-03-86,11.6
18-03-86,11.1
19-03-86,15.6
20-03-86,17
21-03-86,18.5
22-03-86,17.4
23-03-86,16.5
24-03-86,16.2
25-03-86,16.1
26-03-86,13.2
27-03-86,18
28-03-86,12.8
29-03-86,11.7
30-03-86,16.7
31-03-86,15.6
01-04-86,10.2
02-04-86,10.3
03-04-86,15
04-04-86,18
05-04-86,13.8
06-04-86,10.5
07-04-86,11.8
08-04-86,7.2
09-04-86,11.6
10-04-86,7.4
11-04-86,14.2
12-04-86,12.2
13-04-86,9
14-04-86,12.3
15-04-86,19.7
16-04-86,12.8
17-04-86,12.4
18-04-86,12
19-04-86,12
20-04-86,11.1
21-04-86,12.7
22-04-86,14.2
23-04-86,11.6
24-04-86,12
25-04-86,11.5
26-04-86,8.3
27-04-86,10.5
28-04-86,9
29-04-86,6.9
30-04-86,9.4
01-05-86,11.1
02-05-86,9.1
03-05-86,7.7
04-05-86,10
05-05-86,10.4
06-05-86,8
07-05-86,9.8
08-05-86,12.4
09-05-86,12.9
10-05-86,12.3
11-05-86,6.9
12-05-86,10.5
13-05-86,11
14-05-86,9.7
15-05-86,11.1
16-05-86,11.5
17-05-86,13.4
18-05-86,10.9
19-05-86,12
20-05-86,12.1
21-05-86,10.4
22-05-86,10
23-05-86,9.6
24-05-86,11.3
25-05-86,8.5
26-05-86,6.3
27-05-86,8.2
28-05-86,10.7
29-05-86,10.3
30-05-86,9.5
31-05-86,10.9
01-06-86,10.9
02-06-86,4.3
03-06-86,5.2
04-06-86,11
05-06-86,11.6
06-06-86,10.6
07-06-86,9.4
08-06-86,10
09-06-86,9.6
10-06-86,9.5
11-06-86,9.7
12-06-86,9.6
13-06-86,7
14-06-86,7
15-06-86,6.8
16-06-86,6.9
17-06-86,8
18-06-86,7.6
19-06-86,8.6
20-06-86,5.7
21-06-86,5.5
22-06-86,5.7
23-06-86,5.7
24-06-86,6.6
25-06-86,6
26-06-86,6.9
27-06-86,7.7
28-06-86,8
29-06-86,3.9
30-06-86,0.8
01-07-86,2.8
02-07-86,8
03-07-86,9.8
04-07-86,11.4
05-07-86,8.6
06-07-86,5.2
07-07-86,6.6
08-07-86,5.7
09-07-86,4.6
10-07-86,5.8
11-07-86,7
12-07-86,4.8
13-07-86,4.4
14-07-86,4.4
15-07-86,7.9
16-07-86,10.6
17-07-86,5
18-07-86,7.6
19-07-86,9.2
20-07-86,9.7
21-07-86,8.8
22-07-86,6.8
23-07-86,9.4
24-07-86,11
25-07-86,2.5
26-07-86,2.1
27-07-86,5.4
28-07-86,6.2
29-07-86,7.8
30-07-86,7.4
31-07-86,9.3
01-08-86,9.3
02-08-86,9.5
03-08-86,8.5
04-08-86,10
05-08-86,7.7
06-08-86,9.3
07-08-86,9.1
08-08-86,3.5
09-08-86,3.6
10-08-86,2.5
11-08-86,1.7
12-08-86,2.7
13-08-86,2.9
14-08-86,5.3
15-08-86,7.7
16-08-86,9.1
17-08-86,9.4
18-08-86,7.3
19-08-86,8.4
20-08-86,9.2
21-08-86,6.6
22-08-86,9.7
23-08-86,12.4
24-08-86,10.2
25-08-86,5.9
26-08-86,7.1
27-08-86,7.5
28-08-86,9.7
29-08-86,12.2
30-08-86,5.6
31-08-86,5.4
01-09-86,8.3
02-09-86,10.6
03-09-86,9.1
04-09-86,11.3
05-09-86,10.9
06-09-86,8.9
07-09-86,6.3
08-09-86,9
09-09-86,6.1
10-09-86,9.1
11-09-86,9.6
12-09-86,6
13-09-86,10
14-09-86,11
15-09-86,6.2
16-09-86,8.3
17-09-86,11.3
18-09-86,11.3
19-09-86,6.7
20-09-86,6.6
21-09-86,11.4
22-09-86,6.9
23-09-86,10.6
24-09-86,8.6
25-09-86,11.3
26-09-86,12.5
27-09-86,9.9
28-09-86,6.9
29-09-86,5.5
30-09-86,7.8
01-10-86,11
02-10-86,16.2
03-10-86,9.9
04-10-86,8.7
05-10-86,10.5
06-10-86,12.2
07-10-86,10.6
08-10-86,8.3
09-10-86,5.5
10-10-86,9
11-10-86,6.4
12-10-86,7.2
13-10-86,12.9
14-10-86,12
15-10-86,7.3
16-10-86,9.7
17-10-86,8.4
18-10-86,14.7
19-10-86,9.5
20-10-86,7.9
21-10-86,6.8
22-10-86,12.6
23-10-86,5.2
24-10-86,7.5
25-10-86,8.7
26-10-86,7.6
27-10-86,9
28-10-86,7.2
29-10-86,10.7
30-10-86,13.1
31-10-86,13.9
01-11-86,10.8
02-11-86,10.4
03-11-86,9.1
04-11-86,16
05-11-86,21
06-11-86,16.2
07-11-86,8.6
08-11-86,9.2
09-11-86,12.5
10-11-86,9.7
11-11-86,12.5
12-11-86,10.3
13-11-86,12
14-11-86,11
15-11-86,14.8
16-11-86,15
17-11-86,15.3
18-11-86,10.3
19-11-86,10.7
20-11-86,10.5
21-11-86,8.9
22-11-86,8.1
23-11-86,11.5
24-11-86,12.8
25-11-86,9.1
26-11-86,14.6
27-11-86,11.6
28-11-86,11.2
29-11-86,12.6
30-11-86,7.5
01-12-86,11
02-12-86,14.5
03-12-86,18.5
04-12-86,15.4
05-12-86,13.1
06-12-86,16.3
07-12-86,20.2
08-12-86,11.5
09-12-86,12.4
10-12-86,10.9
11-12-86,12.7
12-12-86,12.2
13-12-86,12.4
14-12-86,9.8
15-12-86,8.5
16-12-86,14.7
17-12-86,12
18-12-86,10.3
19-12-86,11
20-12-86,10.2
21-12-86,12.6
22-12-86,11.6
23-12-86,9.7
24-12-86,13.4
25-12-86,10.5
26-12-86,14.7
27-12-86,14.6
28-12-86,14.2
29-12-86,13.2
30-12-86,11.7
31-12-86,17.2
01-01-87,12.3
02-01-87,13.8
03-01-87,15.3
04-01-87,15.6
05-01-87,16.2
06-01-87,16.3
07-01-87,16.8
08-01-87,11
09-01-87,8.5
10-01-87,13.2
11-01-87,13
12-01-87,12.4
13-01-87,13
14-01-87,16.6
15-01-87,12
16-01-87,12.4
17-01-87,15
18-01-87,11.8
19-01-87,11.6
20-01-87,12.2
21-01-87,13.7
22-01-87,11.2
23-01-87,12.4
24-01-87,11.5
25-01-87,13.8
26-01-87,15.7
27-01-87,12.9
28-01-87,11.5
29-01-87,11
30-01-87,12.7
31-01-87,14.9
01-02-87,16.5
02-02-87,12.8
03-02-87,12.7
04-02-87,12.7
05-02-87,11.6
06-02-87,13.3
07-02-87,15.2
08-02-87,16.4
09-02-87,11.9
10-02-87,15.1
11-02-87,10.6
12-02-87,13.6
13-02-87,12.1
14-02-87,16
15-02-87,16.8
16-02-87,16.6
17-02-87,15.6
18-02-87,15.2
19-02-87,17.7
20-02-87,21
21-02-87,13.4
22-02-87,10.5
23-02-87,9.5
24-02-87,12
25-02-87,10.4
26-02-87,11.5
27-02-87,13.2
28-02-87,15
01-03-87,14.1
02-03-87,12.4
03-03-87,13.4
04-03-87,12.5
05-03-87,14.3
06-03-87,17.6
07-03-87,10.4
08-03-87,9.9
09-03-87,10.2
10-03-87,11.3
11-03-87,9.5
12-03-87,11.8
13-03-87,11.5
14-03-87,10.5
15-03-87,10.8
16-03-87,13
17-03-87,18.5
18-03-87,18.7
19-03-87,15
20-03-87,13
21-03-87,11.3
22-03-87,13
23-03-87,13.3
24-03-87,11
25-03-87,10.3
26-03-87,13
27-03-87,12.3
28-03-87,15.6
29-03-87,10.2
30-03-87,10.8
31-03-87,12
01-04-87,13.3
02-04-87,11.7
03-04-87,12.5
04-04-87,13.7
05-04-87,14.9
06-04-87,20.2
07-04-87,16.3
08-04-87,13.9
09-04-87,10.1
10-04-87,7.3
11-04-87,14
12-04-87,17.7
13-04-87,16.3
14-04-87,10.6
15-04-87,9.7
16-04-87,7.8
17-04-87,10.4
18-04-87,10.4
19-04-87,14.1
20-04-87,7.1
21-04-87,8.1
22-04-87,7.8
23-04-87,10.6
24-04-87,9.1
25-04-87,9
26-04-87,11.9
27-04-87,17.1
28-04-87,16.8
29-04-87,13.5
30-04-87,11.6
01-05-87,7
02-05-87,9.7
03-05-87,9.9
04-05-87,11.2
05-05-87,11.3
06-05-87,11.8
07-05-87,9.9
08-05-87,7.1
09-05-87,9.6
10-05-87,9.8
11-05-87,10.6
12-05-87,12.8
13-05-87,16.5
14-05-87,11.7
15-05-87,12.3
16-05-87,12.2
17-05-87,11.8
18-05-87,10.7
19-05-87,10.2
20-05-87,10
21-05-87,8.3
22-05-87,6.6
23-05-87,9.5
24-05-87,12.3
25-05-87,7.6
26-05-87,9.3
27-05-87,5
28-05-87,4.3
29-05-87,6.4
30-05-87,10.8
31-05-87,7.8
01-06-87,8.5
02-06-87,9.7
03-06-87,10
04-06-87,11
05-06-87,10.2
06-06-87,6.6
07-06-87,6.1
08-06-87,5.9
09-06-87,8.9
10-06-87,13
11-06-87,12.6
12-06-87,5.4
13-06-87,6
14-06-87,7.8
15-06-87,9
16-06-87,4.2
17-06-87,3
18-06-87,4.5
19-06-87,6.2
20-06-87,11.9
21-06-87,11.8
22-06-87,9.4
23-06-87,9.6
24-06-87,9.4
25-06-87,7
26-06-87,8.9
27-06-87,9.3
28-06-87,6.8
29-06-87,7.5
30-06-87,8
01-07-87,8.3
02-07-87,2.7
03-07-87,3.9
04-07-87,4.1
05-07-87,5
06-07-87,5.8
07-07-87,4.4
08-07-87,4.1
09-07-87,5.8
10-07-87,9.1
11-07-87,7.9
12-07-87,5
13-07-87,2.8
14-07-87,4.7
15-07-87,8.9
16-07-87,5.4
17-07-87,7.1
18-07-87,9
19-07-87,9.4
20-07-87,6.3
21-07-87,7
22-07-87,6.4
23-07-87,6.7
24-07-87,1.5
25-07-87,2.9
26-07-87,4.8
27-07-87,6.3
28-07-87,5.7
29-07-87,7
30-07-87,8.8
31-07-87,8.7
01-08-87,9
02-08-87,9.6
03-08-87,8
04-08-87,8.4
05-08-87,8.1
06-08-87,9
07-08-87,5.3
08-08-87,8.9
09-08-87,8.7
10-08-87,4.9
11-08-87,7
12-08-87,7.5
13-08-87,7
14-08-87,9.1
15-08-87,11.8
16-08-87,9.9
17-08-87,5.6
18-08-87,4.2
19-08-87,4.3
20-08-87,8
21-08-87,5.1
22-08-87,9.4
23-08-87,9.1
24-08-87,9.7
25-08-87,10.6
26-08-87,8.6
27-08-87,10.1
28-08-87,11
29-08-87,9.7
30-08-87,5
31-08-87,6.1
01-09-87,5.4
02-09-87,5.8
03-09-87,7.3
04-09-87,6.3
05-09-87,4.8
06-09-87,7.6
07-09-87,8.1
08-09-87,9.5
09-09-87,10.3
10-09-87,7
11-09-87,9
12-09-87,10.2
13-09-87,6.8
14-09-87,9.3
15-09-87,9.8
16-09-87,10.7
17-09-87,7.8
18-09-87,9.2
19-09-87,15
20-09-87,7.8
21-09-87,5.3
22-09-87,9.5
23-09-87,7.6
24-09-87,14
25-09-87,14.9
26-09-87,14.9
27-09-87,19.2
28-09-87,17
29-09-87,13
30-09-87,11.2
01-10-87,9.5
02-10-87,10.3
03-10-87,9.3
04-10-87,11.3
05-10-87,6.5
06-10-87,12
07-10-87,8.3
08-10-87,8.7
09-10-87,8.7
10-10-87,10.2
11-10-87,6.9
12-10-87,4.9
13-10-87,10
14-10-87,7.6
15-10-87,14.5
16-10-87,13.2
17-10-87,9.9
18-10-87,10.1
19-10-87,11.3
20-10-87,10.4
21-10-87,10.9
22-10-87,9.2
23-10-87,10.5
24-10-87,11.4
25-10-87,13.5
26-10-87,9.8
27-10-87,13.1
28-10-87,9.7
29-10-87,11.4
30-10-87,9.9
31-10-87,14.4
01-11-87,19
02-11-87,23
03-11-87,15.4
04-11-87,9.6
05-11-87,10.8
06-11-87,12.1
07-11-87,11
08-11-87,12.6
09-11-87,14.7
10-11-87,11.1
11-11-87,10.1
12-11-87,11.4
13-11-87,13
14-11-87,11.9
15-11-87,9.5
16-11-87,13.5
17-11-87,15.2
18-11-87,18.4
19-11-87,24.1
20-11-87,14.1
21-11-87,10.7
22-11-87,8.7
23-11-87,13.3
24-11-87,11.6
25-11-87,9.9
26-11-87,10.8
27-11-87,11.5
28-11-87,10
29-11-87,13.9
30-11-87,13.6
01-12-87,11.9
02-12-87,11.1
03-12-87,8.2
04-12-87,9.4
05-12-87,12.7
06-12-87,11.6
07-12-87,11
08-12-87,11.3
09-12-87,13.4
10-12-87,14.9
11-12-87,15.2
12-12-87,13.9
13-12-87,15
14-12-87,16.2
15-12-87,17.7
16-12-87,20.5
17-12-87,14.7
18-12-87,12.5
19-12-87,10.9
20-12-87,12.8
21-12-87,12.7
22-12-87,11.2
23-12-87,11.4
24-12-87,11.2
25-12-87,12.1
26-12-87,12.7
27-12-87,16.2
28-12-87,14.2
29-12-87,14.3
30-12-87,13.3
31-12-87,16.7
01-01-88,15.3
02-01-88,14.3
03-01-88,13.5
04-01-88,15
05-01-88,13.6
06-01-88,15.2
07-01-88,17
08-01-88,18.7
09-01-88,16.5
10-01-88,17.4
11-01-88,18.3
12-01-88,18.3
13-01-88,22.4
14-01-88,21.4
15-01-88,20.9
16-01-88,17.6
17-01-88,15.5
18-01-88,16.6
19-01-88,16.2
20-01-88,15.6
21-01-88,14.5
22-01-88,14
23-01-88,15.6
24-01-88,12.3
25-01-88,11.6
26-01-88,12.6
27-01-88,14.9
28-01-88,17.3
29-01-88,21.4
30-01-88,23.4
31-01-88,14.4
01-02-88,14.1
02-02-88,15
03-02-88,14.5
04-02-88,15.1
05-02-88,13.9
06-02-88,13.4
07-02-88,9.2
08-02-88,12.5
09-02-88,15.1
10-02-88,12.1
11-02-88,14.5
12-02-88,16.3
13-02-88,16.5
14-02-88,14.9
15-02-88,13.2
16-02-88,11.8
17-02-88,13.6
18-02-88,16.2
19-02-88,14.1
20-02-88,13.5
21-02-88,15
22-02-88,14.8
23-02-88,16.2
24-02-88,16.2
25-02-88,13.3
26-02-88,15.3
27-02-88,18.4
28-02-88,16.2
29-02-88,16.3
01-03-88,12.4
02-03-88,15.6
03-03-88,14.9
04-03-88,14.8
05-03-88,12.7
06-03-88,14.2
07-03-88,16.8
08-03-88,16.7
09-03-88,16.2
10-03-88,14.5
11-03-88,10
12-03-88,12.6
13-03-88,11.9
14-03-88,11.8
15-03-88,13.4
16-03-88,14.5
17-03-88,15.7
18-03-88,15.3
19-03-88,13.9
20-03-88,13.7
21-03-88,15.1
22-03-88,15.6
23-03-88,14.4
24-03-88,13.9
25-03-88,16.2
26-03-88,16.7
27-03-88,15.5
28-03-88,16.4
29-03-88,17.5
30-03-88,18.2
31-03-88,16.1
01-04-88,16.5
02-04-88,14.6
03-04-88,16.4
04-04-88,13.6
05-04-88,15.9
06-04-88,11.9
07-04-88,14.7
08-04-88,9.4
09-04-88,6.6
10-04-88,7.9
11-04-88,11
12-04-88,15.7
13-04-88,15.2
14-04-88,15.9
15-04-88,10.6
16-04-88,8.3
17-04-88,8.6
18-04-88,12.7
19-04-88,10.5
20-04-88,12
21-04-88,11.1
22-04-88,13
23-04-88,12.4
24-04-88,13.3
25-04-88,15.9
26-04-88,12
27-04-88,13.7
28-04-88,17.6
29-04-88,14.3
30-04-88,13.7
01-05-88,15.2
02-05-88,14.5
03-05-88,14.9
04-05-88,15.5
05-05-88,16.4
06-05-88,14.5
07-05-88,12.6
08-05-88,13.6
09-05-88,11.2
10-05-88,11
11-05-88,12
12-05-88,6.8
13-05-88,10.6
14-05-88,13.1
15-05-88,13.5
16-05-88,11.7
17-05-88,13.2
18-05-88,12
19-05-88,10.4
20-05-88,10
21-05-88,8.2
22-05-88,9.4
23-05-88,10.3
24-05-88,8.1
25-05-88,8.7
26-05-88,12.6
27-05-88,10.9
28-05-88,8.7
29-05-88,9.3
30-05-88,6.3
31-05-88,7.8
01-06-88,10
02-06-88,11
03-06-88,11.1
04-06-88,12.6
05-06-88,10.2
06-06-88,11.1
07-06-88,8.7
08-06-88,9.5
09-06-88,9.7
10-06-88,8.2
11-06-88,5
12-06-88,6.5
13-06-88,12.1
14-06-88,8.9
15-06-88,6.1
16-06-88,2.8
17-06-88,3.7
18-06-88,6.8
19-06-88,6.6
20-06-88,7
21-06-88,7.3
22-06-88,7.9
23-06-88,10.6
24-06-88,8.1
25-06-88,6.7
26-06-88,8
27-06-88,10
28-06-88,6.7
29-06-88,9.4
30-06-88,9.3
01-07-88,6
02-07-88,5.8
03-07-88,4.9
04-07-88,5
05-07-88,8.4
06-07-88,12.3
07-07-88,13
08-07-88,11.4
09-07-88,6.8
10-07-88,7.6
11-07-88,12.4
12-07-88,7.1
13-07-88,7.5
14-07-88,10
15-07-88,5.3
16-07-88,6.3
17-07-88,8
18-07-88,8.3
19-07-88,9.3
20-07-88,9.5
21-07-88,5.6
22-07-88,7
23-07-88,8.5
24-07-88,8.5
25-07-88,8.2
26-07-88,8.5
27-07-88,9.6
28-07-88,9.7
29-07-88,7.1
30-07-88,8.4
31-07-88,9.2
01-08-88,9.8
02-08-88,8.1
03-08-88,9.4
04-08-88,10
05-08-88,5.1
06-08-88,6.7
07-08-88,6.9
08-08-88,6.8
09-08-88,8.6
10-08-88,9.1
11-08-88,3.9
12-08-88,4.8
13-08-88,8.4
14-08-88,11.6
15-08-88,12.1
16-08-88,12.4
17-08-88,10
18-08-88,10.1
19-08-88,9.7
20-08-88,11.7
21-08-88,7.9
22-08-88,8.6
23-08-88,7.7
24-08-88,5.8
25-08-88,8.7
26-08-88,10.6
27-08-88,6.7
28-08-88,8.8
29-08-88,9.7
30-08-88,9
31-08-88,11.8
01-09-88,15.2
02-09-88,10
03-09-88,10.5
04-09-88,5.5
05-09-88,9.4
06-09-88,8.8
07-09-88,5.3
08-09-88,13
09-09-88,15.2
10-09-88,13.2
11-09-88,11.5
12-09-88,6.8
13-09-88,4.7
14-09-88,5.2
15-09-88,6.8
16-09-88,10.7
17-09-88,10.1
18-09-88,10
19-09-88,9.8
20-09-88,5.5
21-09-88,13.5
22-09-88,16.6
23-09-88,8.4
24-09-88,8.2
25-09-88,11.1
26-09-88,10.8
27-09-88,8.8
28-09-88,10.8
29-09-88,8.7
30-09-88,12.4
01-10-88,9
02-10-88,13.5
03-10-88,14.7
04-10-88,10.9
05-10-88,8.5
06-10-88,6
07-10-88,12.7
08-10-88,11.1
09-10-88,8.7
10-10-88,12.3
11-10-88,13.3
12-10-88,5.6
13-10-88,13.7
14-10-88,8.5
15-10-88,11.2
16-10-88,8.7
17-10-88,11.7
18-10-88,12.5
19-10-88,8.2
20-10-88,15.6
21-10-88,10.3
22-10-88,11.4
23-10-88,9.7
24-10-88,6.3
25-10-88,14.3
26-10-88,11.3
27-10-88,7.3
28-10-88,12.8
29-10-88,11.9
30-10-88,14.3
31-10-88,11.6
01-11-88,13.2
02-11-88,15.5
03-11-88,14.1
04-11-88,9.5
05-11-88,7.2
06-11-88,11.8
07-11-88,16.8
08-11-88,12.5
09-11-88,9.4
10-11-88,11.9
11-11-88,10.3
12-11-88,16.9
13-11-88,17.5
14-11-88,7.5
15-11-88,8.6
16-11-88,11.1
17-11-88,11.5
18-11-88,10.7
19-11-88,15.7
20-11-88,12.8
21-11-88,13
22-11-88,12.9
23-11-88,14.3
24-11-88,13.7
25-11-88,12.1
26-11-88,11.9
27-11-88,11.8
28-11-88,11.4
29-11-88,10.3
30-11-88,11.7
01-12-88,12
02-12-88,17.4
03-12-88,16.8
04-12-88,16.2
05-12-88,13
06-12-88,12.5
07-12-88,12.4
08-12-88,16.1
09-12-88,20.2
10-12-88,14.3
11-12-88,11
12-12-88,14.4
13-12-88,15.7
14-12-88,19.7
15-12-88,20.7
16-12-88,23.9
17-12-88,16.6
18-12-88,17.5
19-12-88,14.9
20-12-88,13.6
21-12-88,11.9
22-12-88,15.2
23-12-88,17.3
24-12-88,19.8
25-12-88,15.8
26-12-88,9.5
27-12-88,12.9
28-12-88,12.9
29-12-88,14.8
30-12-88,14.1
01-01-89,14.3
02-01-89,17.4
03-01-89,18.5
04-01-89,16.8
05-01-89,11.5
06-01-89,9.5
07-01-89,12.2
08-01-89,15.7
09-01-89,16.3
10-01-89,13.6
11-01-89,12.6
12-01-89,13.8
13-01-89,12.1
14-01-89,13.4
15-01-89,17.3
16-01-89,19.4
17-01-89,16.6
18-01-89,13.9
19-01-89,13.1
20-01-89,16
21-01-89,14.5
22-01-89,15
23-01-89,12.6
24-01-89,12.5
25-01-89,15.2
26-01-89,16.2
27-01-89,16.5
28-01-89,20.1
29-01-89,20.6
30-01-89,16.9
31-01-89,16.5
01-02-89,16.1
02-02-89,14.4
03-02-89,16.3
04-02-89,15.7
05-02-89,14.2
06-02-89,13.2
07-02-89,16.8
08-02-89,18.5
09-02-89,16.7
10-02-89,15.3
11-02-89,15.9
12-02-89,15.2
13-02-89,17.5
14-02-89,18.3
15-02-89,19.4
16-02-89,19.4
17-02-89,19.5
18-02-89,20.5
19-02-89,15.7
20-02-89,15
21-02-89,16.1
22-02-89,14.3
23-02-89,13
24-02-89,16.2
25-02-89,17.7
26-02-89,13.2
27-02-89,15.8
28-02-89,18.5
01-03-89,20.4
02-03-89,22
03-03-89,19.7
04-03-89,19.6
05-03-89,20.3
06-03-89,18.3
07-03-89,18.9
08-03-89,20.3
09-03-89,21.4
10-03-89,18.3
11-03-89,17.8
12-03-89,17.7
13-03-89,12.8
14-03-89,15.1
15-03-89,15
16-03-89,14.8
17-03-89,12
18-03-89,12.5
19-03-89,15
20-03-89,17.1
21-03-89,17.3
22-03-89,16.9
23-03-89,16.5
24-03-89,13.6
25-03-89,13.2
26-03-89,9.4
27-03-89,9.5
28-03-89,11.8
29-03-89,10.4
30-03-89,9.7
31-03-89,12.6
01-04-89,13.3
02-04-89,15.1
03-04-89,14.2
04-04-89,14.2
05-04-89,19.2
06-04-89,12.6
07-04-89,14.2
08-04-89,11.9
09-04-89,13.9
10-04-89,13.5
11-04-89,15.3
12-04-89,13.9
13-04-89,14
14-04-89,12.9
15-04-89,8.5
16-04-89,11.4
17-04-89,10.9
18-04-89,12
19-04-89,8.6
20-04-89,9
21-04-89,9.6
22-04-89,10.2
23-04-89,9.8
24-04-89,8.3
25-04-89,11
26-04-89,11.9
27-04-89,14
28-04-89,15.8
29-04-89,14.5
30-04-89,13.2
01-05-89,14.2
02-05-89,14.6
03-05-89,11.8
04-05-89,14.4
05-05-89,10.4
06-05-89,10.3
07-05-89,10.8
08-05-89,10.5
09-05-89,9.5
10-05-89,12.5
11-05-89,13.7
12-05-89,12.7
13-05-89,11.9
14-05-89,11.4
15-05-89,9.7
16-05-89,8.3
17-05-89,8.1
18-05-89,11.7
19-05-89,11.6
20-05-89,7.4
21-05-89,5.2
22-05-89,11
23-05-89,9.5
24-05-89,9.2
25-05-89,10.7
26-05-89,9
27-05-89,10.2
28-05-89,10.3
29-05-89,12.1
30-05-89,13.2
31-05-89,6.6
01-06-89,2.3
02-06-89,1.4
03-06-89,2.1
04-06-89,6.6
05-06-89,8.9
06-06-89,7.8
07-06-89,9
08-06-89,10.3
09-06-89,7.9
10-06-89,7.2
11-06-89,8.6
12-06-89,8.8
13-06-89,6.2
14-06-89,9.5
15-06-89,10.2
16-06-89,9.7
17-06-89,11.2
18-06-89,10.2
19-06-89,10.1
20-06-89,8.1
21-06-89,6.6
22-06-89,5
23-06-89,4.7
24-06-89,5.3
25-06-89,4.5
26-06-89,2.3
27-06-89,1.4
28-06-89,0.5
29-06-89,2.4
30-06-89,8
01-07-89,6
02-07-89,7.1
03-07-89,9.7
04-07-89,6.9
05-07-89,5.3
06-07-89,7
07-07-89,6.2
08-07-89,7
09-07-89,9.7
10-07-89,8
11-07-89,8.5
12-07-89,7.1
13-07-89,7.5
14-07-89,3.3
15-07-89,1.8
16-07-89,2.6
17-07-89,5.3
18-07-89,5.8
19-07-89,5.8
20-07-89,7.2
21-07-89,5.3
22-07-89,1.6
23-07-89,3.1
24-07-89,5.3
25-07-89,7.7
26-07-89,4.2
27-07-89,5.5
28-07-89,9
29-07-89,11.2
30-07-89,8
31-07-89,7.6
01-08-89,3.7
02-08-89,7.5
03-08-89,8.1
04-08-89,8.4
05-08-89,7.1
06-08-89,7.6
07-08-89,7.6
08-08-89,5.6
09-08-89,7
10-08-89,10.5
11-08-89,7.3
12-08-89,7.8
13-08-89,5.8
14-08-89,3.8
15-08-89,5.8
16-08-89,6.7
17-08-89,6.6
18-08-89,6.6
19-08-89,9
20-08-89,8.1
21-08-89,5.1
22-08-89,8.6
23-08-89,7
24-08-89,5.5
25-08-89,7.4
26-08-89,6.2
27-08-89,4.2
28-08-89,6.3
29-08-89,7
30-08-89,4
31-08-89,8
01-09-89,8.8
02-09-89,8.8
03-09-89,6.1
04-09-89,8.6
05-09-89,8.9
06-09-89,7.8
07-09-89,5
08-09-89,7
09-09-89,13.3
10-09-89,7.9
11-09-89,7.5
12-09-89,8.3
13-09-89,7.2
14-09-89,6.5
15-09-89,8.9
16-09-89,7.4
17-09-89,9.9
18-09-89,9.3
19-09-89,10.6
20-09-89,8.6
21-09-89,7.2
22-09-89,12.6
23-09-89,7.8
24-09-89,6.3
25-09-89,9.2
26-09-89,5.8
27-09-89,9
28-09-89,5
29-09-89,11.9
30-09-89,13.4
01-10-89,10.5
02-10-89,6.2
03-10-89,5.1
04-10-89,9.5
05-10-89,11.7
06-10-89,9.2
07-10-89,7.3
08-10-89,9.7
09-10-89,9.4
10-10-89,10
11-10-89,10.9
12-10-89,11
13-10-89,10.9
14-10-89,8
15-10-89,11.2
16-10-89,7.5
17-10-89,7.2
18-10-89,13.2
19-10-89,12.9
20-10-89,9.4
21-10-89,10.2
22-10-89,9.5
23-10-89,12.4
24-10-89,10.2
25-10-89,13.4
26-10-89,11.6
27-10-89,8
28-10-89,9
29-10-89,9.3
30-10-89,13.5
31-10-89,8
01-11-89,8.1
02-11-89,10
03-11-89,8.5
04-11-89,12.5
05-11-89,15
06-11-89,13.3
07-11-89,11
08-11-89,11.9
09-11-89,8.3
10-11-89,9.7
11-11-89,11.3
12-11-89,12.5
13-11-89,9.4
14-11-89,11.4
15-11-89,13.2
16-11-89,13.8
17-11-89,16
18-11-89,10.9
19-11-89,11.9
20-11-89,12.4
21-11-89,13.2
22-11-89,15.5
23-11-89,21.6
24-11-89,14.9
25-11-89,14.4
26-11-89,12.9
27-11-89,13.1
28-11-89,14
29-11-89,17.9
30-11-89,17.7
01-12-89,16.3
02-12-89,18.3
03-12-89,13.7
04-12-89,13.3
05-12-89,10.6
06-12-89,14.1
07-12-89,16
08-12-89,16.5
09-12-89,14.1
10-12-89,18.7
11-12-89,16.2
12-12-89,14.8
13-12-89,12.6
14-12-89,10.4
15-12-89,12.2
16-12-89,12.6
17-12-89,12.1
18-12-89,17.3
19-12-89,16.4
20-12-89,12.6
21-12-89,12.3
22-12-89,11.8
23-12-89,12
24-12-89,12.7
25-12-89,16.4
26-12-89,16
27-12-89,13.3
28-12-89,11.7
29-12-89,10.4
30-12-89,14.4
31-12-89,12.7
01-01-90,14.8
02-01-90,13.3
03-01-90,15.6
04-01-90,14.5
05-01-90,14.3
06-01-90,15.3
07-01-90,16.4
08-01-90,14.8
09-01-90,17.4
10-01-90,18.8
11-01-90,22.1
12-01-90,19
13-01-90,15.5
14-01-90,15.8
15-01-90,14.7
16-01-90,10.7
17-01-90,11.5
18-01-90,15
19-01-90,14.5
20-01-90,14.5
21-01-90,13.3
22-01-90,14.3
23-01-90,14.3
24-01-90,20.5
25-01-90,15
26-01-90,17.1
27-01-90,16.9
28-01-90,16.9
29-01-90,13.6
30-01-90,16.4
31-01-90,16.1
01-02-90,12
02-02-90,12.2
03-02-90,14.8
04-02-90,14.8
05-02-90,14.4
06-02-90,12.9
07-02-90,13.4
08-02-90,15.9
09-02-90,16.1
10-02-90,17.6
11-02-90,15.6
12-02-90,15
13-02-90,13
14-02-90,14.1
15-02-90,17.3
16-02-90,15.7
17-02-90,18.6
18-02-90,12.7
19-02-90,14
20-02-90,13.7
21-02-90,16.3
22-02-90,20
23-02-90,17
24-02-90,15.2
25-02-90,16.5
26-02-90,16.5
27-02-90,17.3
28-02-90,19.1
01-03-90,19.3
02-03-90,17.3
03-03-90,19
04-03-90,19.8
05-03-90,19.3
06-03-90,17.2
07-03-90,14.2
08-03-90,10.3
09-03-90,13
10-03-90,15.3
11-03-90,15
12-03-90,12.1
13-03-90,9.2
14-03-90,11
15-03-90,15
16-03-90,11.6
17-03-90,11.6
18-03-90,15.1
19-03-90,15
20-03-90,13.6
21-03-90,12.5
22-03-90,14.3
23-03-90,16
24-03-90,17.4
25-03-90,16.9
26-03-90,18
27-03-90,20.6
28-03-90,14.2
29-03-90,10.9
30-03-90,11.9
31-03-90,13.3
01-04-90,15.3
02-04-90,14.7
03-04-90,11
04-04-90,12.2
05-04-90,14.2
06-04-90,17
07-04-90,15.8
08-04-90,15.2
09-04-90,15.1
10-04-90,14.7
11-04-90,18.5
12-04-90,16.4
13-04-90,18.4
14-04-90,15.1
15-04-90,9.9
16-04-90,10.2
17-04-90,12.6
18-04-90,13.2
19-04-90,11.5
20-04-90,13.8
21-04-90,14.5
22-04-90,14.7
23-04-90,11.2
24-04-90,12.7
25-04-90,13.7
26-04-90,11.5
27-04-90,10.4
28-04-90,8.9
29-04-90,11.1
30-04-90,9.5
01-05-90,13
02-05-90,13.9
03-05-90,12.6
04-05-90,14.3
05-05-90,16
06-05-90,13.3
07-05-90,7
08-05-90,4.9
09-05-90,6.9
10-05-90,13.7
11-05-90,10.6
12-05-90,12.3
13-05-90,11.1
14-05-90,10.2
15-05-90,9.5
16-05-90,8.9
17-05-90,13.4
18-05-90,9.1
19-05-90,9.4
20-05-90,8.7
21-05-90,5.8
22-05-90,4.5
23-05-90,7.2
24-05-90,10
25-05-90,10.5
26-05-90,10.7
27-05-90,8.2
28-05-90,6.1
29-05-90,4.5
30-05-90,6.1
31-05-90,9.8
01-06-90,9.7
02-06-90,8.2
03-06-90,8.4
04-06-90,8.5
05-06-90,10.4
06-06-90,6.8
07-06-90,6
08-06-90,6.6
09-06-90,7.8
10-06-90,10.3
11-06-90,7.2
12-06-90,7.4
13-06-90,11.4
14-06-90,5.4
15-06-90,4.4
16-06-90,6.4
17-06-90,9.3
18-06-90,7.7
19-06-90,8.1
20-06-90,8.3
21-06-90,9.1
22-06-90,7.7
23-06-90,10.6
24-06-90,8.2
25-06-90,7.9
26-06-90,5.2
27-06-90,5.9
28-06-90,3.7
29-06-90,5.6
30-06-90,9.4
01-07-90,7.4
02-07-90,7.3
03-07-90,7.7
04-07-90,7.7
05-07-90,9.3
06-07-90,4.4
07-07-90,5.7
08-07-90,10.2
09-07-90,10.2
10-07-90,9.3
11-07-90,5.4
12-07-90,5
13-07-90,7.6
14-07-90,9.6
15-07-90,10.4
16-07-90,11.2
17-07-90,9.1
18-07-90,11.2
19-07-90,6.8
20-07-90,8.3
21-07-90,9.7
22-07-90,9.6
23-07-90,9.8
24-07-90,10.8
25-07-90,9.2
26-07-90,6.5
27-07-90,8.1
28-07-90,7.3
29-07-90,7.9
30-07-90,6
31-07-90,5
01-08-90,6.8
02-08-90,9.8
03-08-90,5.7
04-08-90,8.6
05-08-90,10.6
06-08-90,7.8
07-08-90,7.7
08-08-90,8.6
09-08-90,6.5
10-08-90,6.9
11-08-90,6.4
12-08-90,8.5
13-08-90,7.8
14-08-90,9.3
15-08-90,8.4
16-08-90,7.8
17-08-90,7.4
18-08-90,7.7
19-08-90,8.9
20-08-90,9.7
21-08-90,9.9
22-08-90,6.1
23-08-90,6.6
24-08-90,7.6
25-08-90,7.4
26-08-90,8
27-08-90,2.1
28-08-90,5.9
29-08-90,11.6
30-08-90,8.6
31-08-90,7.9
01-09-90,6
02-09-90,9.5
03-09-90,8.6
04-09-90,7.6
05-09-90,10.4
06-09-90,10.3
07-09-90,7.5
08-09-90,3
09-09-90,5.3
10-09-90,10.5
11-09-90,14.6
12-09-90,12.6
13-09-90,9.8
14-09-90,7.2
15-09-90,10.1
16-09-90,10.4
17-09-90,3.7
18-09-90,7.3
19-09-90,11.6
20-09-90,16.3
21-09-90,9.6
22-09-90,6.8
23-09-90,5.2
24-09-90,10.6
25-09-90,16.3
26-09-90,9.8
27-09-90,4.6
28-09-90,11.1
29-09-90,8.7
30-09-90,10
01-10-90,11.3
02-10-90,10.5
03-10-90,9.9
04-10-90,11
05-10-90,14
06-10-90,9.2
07-10-90,9.8
08-10-90,6
09-10-90,9.8
10-10-90,9.2
11-10-90,11.8
12-10-90,10.3
13-10-90,7.5
14-10-90,7.7
15-10-90,15.8
16-10-90,14.6
17-10-90,10.5
18-10-90,11.3
19-10-90,10.9
20-10-90,6.4
21-10-90,10.9
22-10-90,9
23-10-90,10.9
24-10-90,12.4
25-10-90,11.6
26-10-90,13.3
27-10-90,14.4
28-10-90,18.4
29-10-90,13.6
30-10-90,14.9
31-10-90,14.8
01-11-90,15.4
02-11-90,11.8
03-11-90,13
04-11-90,11.1
05-11-90,12.5
06-11-90,18.3
07-11-90,19.2
08-11-90,15.4
09-11-90,13.1
10-11-90,11.5
11-11-90,8.6
12-11-90,12.6
13-11-90,13.8
14-11-90,14.6
15-11-90,13.2
16-11-90,12.3
17-11-90,8.8
18-11-90,10.7
19-11-90,9.9
20-11-90,8.3
21-11-90,15
22-11-90,12.2
23-11-90,10.5
24-11-90,11.1
25-11-90,13
26-11-90,12.9
27-11-90,8.8
28-11-90,14.7
29-11-90,14.7
30-11-90,12.7
01-12-90,13.3
02-12-90,13.2
03-12-90,16.2
04-12-90,17.3
05-12-90,20.5
06-12-90,20.2
07-12-90,19.4
08-12-90,15.5
09-12-90,14.1
10-12-90,11
11-12-90,11.1
12-12-90,14
13-12-90,11.4
14-12-90,12.5
15-12-90,13.4
16-12-90,13.6
17-12-90,13.9
18-12-90,17.2
19-12-90,14.7
20-12-90,15.4
21-12-90,13.1
22-12-90,13.2
23-12-90,13.9
24-12-90,10
25-12-90,12.9
26-12-90,14.6
27-12-90,14
28-12-90,13.6
29-12-90,13.5
30-12-90,15.7
31-12-90,13
